-- phpMyAdmin SQL Dump
-- version 5.1.1
-- https://www.phpmyadmin.net/
--
-- Host: 127.0.0.1
-- Generation Time: Dec 12, 2022 at 07:59 PM
-- Server version: 10.4.22-MariaDB
-- PHP Version: 7.4.27

SET SQL_MODE = "NO_AUTO_VALUE_ON_ZERO";
START TRANSACTION;
SET time_zone = "+00:00";


/*!40101 SET @OLD_CHARACTER_SET_CLIENT=@@CHARACTER_SET_CLIENT */;
/*!40101 SET @OLD_CHARACTER_SET_RESULTS=@@CHARACTER_SET_RESULTS */;
/*!40101 SET @OLD_COLLATION_CONNECTION=@@COLLATION_CONNECTION */;
/*!40101 SET NAMES utf8mb4 */;

--
-- Database: `webdev`
--

-- --------------------------------------------------------

--
-- Table structure for table `attendance`
--

CREATE TABLE `attendance` (
  `id` int(11) NOT NULL,
  `employee_id` int(11) DEFAULT NULL,
  `curr_date` date DEFAULT NULL,
  `attendance_month` varchar(45) DEFAULT NULL,
  `attendance_year` varchar(45) DEFAULT NULL,
  `attendance` varchar(45) DEFAULT NULL
) ENGINE=InnoDB DEFAULT CHARSET=utf8mb4;

--
-- Dumping data for table `attendance`
--

INSERT INTO `attendance` (`id`, `employee_id`, `curr_date`, `attendance_month`, `attendance_year`, `attendance`) VALUES
(1, 1, '2022-11-30', 'Nov', '2022', 'P'),
(2, 2, '2022-11-30', 'Nov', '2022', 'P'),
(3, 3, '2022-11-30', 'Nov', '2022', 'P'),
(4, 4, '2022-11-30', 'Nov', '2022', 'P'),
(5, 5, '2022-11-30', 'Nov', '2022', 'P'),
(6, 6, '2022-11-30', 'Nov', '2022', 'P'),
(7, 7, '2022-11-30', 'Nov', '2022', 'A'),
(8, 8, '2022-11-30', 'Nov', '2022', 'A'),
(9, 9, '2022-11-30', 'Nov', '2022', 'A'),
(10, 10, '2022-11-30', 'Nov', '2022', 'L'),
(11, 11, '2022-11-30', 'Nov', '2022', 'L'),
(12, 12, '2022-11-30', 'Nov', '2022', 'L'),
(13, 13, '2022-11-30', 'Nov', '2022', 'H'),
(14, 1, '2022-11-29', 'Nov', '2022', 'P'),
(15, 2, '2022-11-29', 'Nov', '2022', 'P'),
(16, 3, '2022-11-29', 'Nov', '2022', 'P'),
(17, 4, '2022-11-29', 'Nov', '2022', 'P'),
(18, 5, '2022-11-29', 'Nov', '2022', 'P'),
(19, 6, '2022-11-29', 'Nov', '2022', 'P'),
(20, 7, '2022-11-29', 'Nov', '2022', 'P'),
(21, 8, '2022-11-29', 'Nov', '2022', 'P'),
(22, 9, '2022-11-29', 'Nov', '2022', 'P'),
(23, 10, '2022-11-29', 'Nov', '2022', 'P'),
(24, 11, '2022-11-29', 'Nov', '2022', 'P'),
(25, 12, '2022-11-29', 'Nov', '2022', 'P'),
(26, 13, '2022-11-29', 'Nov', '2022', 'A'),
(27, 1, '2022-12-04', NULL, NULL, 'P'),
(28, 2, '2022-12-04', NULL, NULL, 'P'),
(29, 3, '2022-12-04', NULL, NULL, 'P'),
(30, 4, '2022-12-04', NULL, NULL, 'P'),
(31, 7, '2022-12-04', NULL, NULL, 'P'),
(32, 8, '2022-12-04', NULL, NULL, 'P'),
(33, 10, '2022-12-04', NULL, NULL, 'P'),
(34, 11, '2022-12-04', NULL, NULL, 'P'),
(35, 12, '2022-12-04', NULL, NULL, 'P'),
(36, 13, '2022-12-04', NULL, NULL, 'P'),
(37, 5, '2022-12-04', NULL, NULL, 'A'),
(38, 6, '2022-12-04', NULL, NULL, 'A'),
(39, 9, '2022-12-04', NULL, NULL, 'L'),
(40, 1, '2022-12-01', 'Dec', '2022', 'P'),
(41, 2, '2022-12-01', 'Dec', '2022', 'P'),
(42, 3, '2022-12-01', 'Dec', '2022', 'P'),
(43, 4, '2022-12-01', 'Dec', '2022', 'P'),
(44, 5, '2022-12-01', 'Dec', '2022', 'P'),
(45, 6, '2022-12-01', 'Dec', '2022', 'P'),
(46, 7, '2022-12-01', 'Dec', '2022', 'P'),
(47, 8, '2022-12-01', 'Dec', '2022', 'P'),
(48, 9, '2022-12-01', 'Dec', '2022', 'P'),
(49, 10, '2022-12-01', 'Dec', '2022', 'P'),
(50, 11, '2022-12-01', 'Dec', '2022', 'P'),
(51, 12, '2022-12-01', 'Dec', '2022', 'A'),
(52, 13, '2022-12-01', 'Dec', '2022', 'A'),
(53, 1, '2022-12-11', 'Dec', '2022', 'H'),
(54, 2, '2022-12-11', 'Dec', '2022', 'H'),
(55, 3, '2022-12-11', 'Dec', '2022', 'H'),
(56, 4, '2022-12-11', 'Dec', '2022', 'H'),
(57, 5, '2022-12-11', 'Dec', '2022', 'H'),
(58, 6, '2022-12-11', 'Dec', '2022', 'H'),
(59, 7, '2022-12-11', 'Dec', '2022', 'H'),
(60, 8, '2022-12-11', 'Dec', '2022', 'H'),
(61, 9, '2022-12-11', 'Dec', '2022', 'H'),
(62, 10, '2022-12-11', 'Dec', '2022', 'H'),
(63, 11, '2022-12-11', 'Dec', '2022', 'H'),
(64, 12, '2022-12-11', 'Dec', '2022', 'H'),
(65, 13, '2022-12-11', 'Dec', '2022', 'H');

-- --------------------------------------------------------

--
-- Table structure for table `attendance_employee`
--

CREATE TABLE `attendance_employee` (
  `id` int(11) NOT NULL,
  `employee_name` varchar(255) DEFAULT NULL
) ENGINE=InnoDB DEFAULT CHARSET=utf8mb4;

--
-- Dumping data for table `attendance_employee`
--

INSERT INTO `attendance_employee` (`id`, `employee_name`) VALUES
(1, 'Ali'),
(2, 'Nabeel'),
(3, 'Haseeb'),
(4, 'Arif'),
(5, 'Junaid'),
(6, 'Sohail'),
(7, 'Sallar'),
(8, 'Bilal'),
(9, 'Saad'),
(10, 'Duraid'),
(11, 'Taha'),
(12, 'Shoaib'),
(13, 'Testing');

-- --------------------------------------------------------

--
-- Table structure for table `employee`
--

CREATE TABLE `employee` (
  `id` int(11) NOT NULL,
  `employee_name` varchar(100) NOT NULL,
  `father_name` varchar(100) NOT NULL,
  `gender` varchar(10) NOT NULL,
  `email_address` varchar(255) NOT NULL
) ENGINE=InnoDB DEFAULT CHARSET=utf8mb4;

--
-- Dumping data for table `employee`
--

INSERT INTO `employee` (`id`, `employee_name`, `father_name`, `gender`, `email_address`) VALUES
(1, 'Arif', 'Ahmed', 'Male', 'arif@live.com'),
(2, 'Ali', 'Asghar', 'Male', 'ali@live.com'),
(3, 'Saima', 'Khan', 'Female', 'fatima@live.com'),
(4, 'Shoaib', 'Akbar', 'Male', 'shoaib@live.com'),
(5, 'Haseeb', 'Ali', 'Male', 'haseeb@live.com');

--
-- Indexes for dumped tables
--

--
-- Indexes for table `attendance`
--
ALTER TABLE `attendance`
  ADD PRIMARY KEY (`id`);

--
-- Indexes for table `attendance_employee`
--
ALTER TABLE `attendance_employee`
  ADD PRIMARY KEY (`id`);

--
-- Indexes for table `employee`
--
ALTER TABLE `employee`
  ADD PRIMARY KEY (`id`);

--
-- AUTO_INCREMENT for dumped tables
--

--
-- AUTO_INCREMENT for table `attendance`
--
ALTER TABLE `attendance`
  MODIFY `id` int(11) NOT NULL AUTO_INCREMENT, AUTO_INCREMENT=66;

--
-- AUTO_INCREMENT for table `attendance_employee`
--
ALTER TABLE `attendance_employee`
  MODIFY `id` int(11) NOT NULL AUTO_INCREMENT, AUTO_INCREMENT=14;

--
-- AUTO_INCREMENT for table `employee`
--
ALTER TABLE `employee`
  MODIFY `id` int(11) NOT NULL AUTO_INCREMENT, AUTO_INCREMENT=6;
COMMIT;

/*!40101 SET CHARACTER_SET_CLIENT=@OLD_CHARACTER_SET_CLIENT */;
/*!40101 SET CHARACTER_SET_RESULTS=@OLD_CHARACTER_SET_RESULTS */;
/*!40101 SET COLLATION_CONNECTION=@OLD_COLLATION_CONNECTION */;
